date,wind_speed_10m_ms,wind_speed_Atlas,internal_wind_speed_Atlas,wind_speed_Vertigo,internal_wind_speed_Vertigo,wind_speed_Helix,internal_wind_speed_Helix,wind_speed_Flux,internal_wind_speed_Flux
2023-01-01,6.1631837,10.164543,15.755041,10.443198,16.186956,10.278126,15.931094,9.3416395,14.479541
2023-01-02,5.133607,8.466529,13.123119,8.698633,13.482881,8.561136,13.269761,7.781093,12.060694
2023-01-03,4.3669863,7.2021904,11.163395,7.399634,11.469432,7.28267,11.288138,6.6191134,10.259625
2023-01-04,8.265527,13.631803,21.129293,14.00551,21.70854,13.78413,21.3654,12.528195,19.418703
2023-01-05,5.240778,8.643279,13.397082,8.880229,13.764355,8.739862,13.546786,7.943534,12.312477
2023-01-06,5.5263386,9.114236,14.127065,9.364097,14.514349,9.216082,14.284926,8.376363,12.983362
2023-01-07,5.4022593,8.909599,13.809878,9.153851,14.188468,9.009159,13.964196,8.188293,12.6918545
2023-01-08,5.4922795,9.058064,14.039999,9.306385,14.424896,9.159283,14.196888,8.324739,12.903346
2023-01-09,5.607546,9.248166,14.334657,9.5016985,14.7276325,9.351508,14.494837,8.49945,13.174147
2023-01-10,5.4057965,8.915433,13.818921,9.159844,14.197759,9.015058,13.973339,8.193655,12.700165
2023-01-11,6.5739765,10.842038,16.805159,11.139265,17.26586,10.963191,16.992945,9.964285,15.444641
2023-01-12,8.557334,14.113062,21.875246,14.499963,22.474941,14.270766,22.119686,12.970492,20.104263
2023-01-13,7.1774025,11.83723,18.347706,12.161739,18.850695,11.969503,18.55273,10.878908,16.862307
2023-01-14,7.033008,11.599089,17.978586,11.91707,18.471458,11.728702,18.179487,10.660047,16.523071
2023-01-15,7.2027016,11.878954,18.412378,12.204608,18.917141,12.011693,18.618124,10.917254,16.921743
2023-01-16,5.2977138,8.73718,13.542628,8.976704,13.91389,8.834812,13.693958,8.029833,12.44624
2023-01-17,3.4045188,5.6148543,8.703024,5.768782,8.941612,5.677597,8.800275,5.1602855,7.998442
2023-01-18,3.5480378,5.851551,9.069904,6.0119677,9.318549,5.9169383,9.171254,5.3778195,8.33562
2023-01-19,4.4216037,7.2922673,11.303014,7.4921803,11.612879,7.3737535,11.429317,6.701898,10.387941
2023-01-20,3.1769097,5.2394733,8.121183,5.38311,8.343821,5.2980213,8.211933,4.8152947,7.4637065
2023-01-21,3.2354414,5.336006,8.270809,5.4822893,8.497548,5.3956323,8.36323,4.904012,7.6012187
2023-01-22,3.5322514,5.8255157,9.02955,5.9852185,9.277088,5.890612,9.130448,5.353892,8.2985325
2023-01-23,2.7708366,4.569763,7.0831327,4.69504,7.2773123,4.620827,7.162282,4.199803,6.509694
2023-01-24,2.7437801,4.525141,7.013968,4.6491942,7.2062507,4.575706,7.0923443,4.158793,6.446129
2023-01-25,1.405744,2.3184032,3.593525,2.3819609,3.6920393,2.34431,3.6336803,2.1307094,3.3025994
2023-01-26,2.4581878,4.0541315,6.2839036,4.1652727,6.4561725,4.099434,6.354122,3.725916,5.7751694
2023-01-27,4.037621,6.6589894,10.321433,6.8415413,10.604388,6.7333994,10.436769,6.119889,9.485827
2023-01-28,1.9829987,3.2704325,5.06917,3.3600893,5.2081385,3.3069775,5.125815,3.005664,4.658779
2023-01-29,3.7450254,6.17643,9.573466,6.345753,9.835917,6.2454476,9.680444,5.676397,8.798415
2023-01-30,6.278712,10.355077,16.05037,10.638954,16.49038,10.470788,16.229721,9.516747,14.750958
2023-01-31,5.3562846,8.833776,13.692353,9.075949,14.06772,8.932488,13.845357,8.118609,12.583844
2023-02-01,6.7964,11.208867,17.373743,11.51615,17.850033,11.334119,17.567884,10.301416,15.967195
2023-02-02,5.798521,9.563128,14.822848,9.825295,15.229207,9.669991,14.988485,8.788915,13.622817
2023-02-03,5.8739076,9.687459,15.015561,9.953034,15.427203,9.795711,15.183351,8.903179,13.799928
2023-02-04,1.8465348,3.0453715,4.720326,3.1288583,4.8497305,3.0794015,4.7730722,2.7988234,4.3381763
2023-02-05,4.825852,7.958968,12.3364,8.177158,12.674595,8.047904,12.474251,7.314624,11.3376665
2023-02-06,1.8215122,3.0041032,4.6563597,3.086459,4.7840114,3.0376723,4.7083917,2.7608962,4.279389
2023-02-07,1.9357725,3.1925454,4.9484453,3.280067,5.0841036,3.2282202,5.0037413,2.9340825,4.5478277
2023-02-08,2.0892975,3.4457443,5.3409033,3.5402071,5.487321,3.4842484,5.4005847,3.1667829,4.908513
2023-02-09,2.8998432,4.7825255,7.4129143,4.9136353,7.6161346,4.835967,7.4957485,4.3953404,6.8127775
2023-02-10,3.5668724,5.8826137,9.118051,6.043882,9.368016,5.948348,9.219939,5.4063673,8.379869
2023-02-11,3.6585014,6.0337315,9.3522835,6.1991425,9.60867,6.101155,9.45679,5.545251,8.595139
2023-02-12,1.2975073,2.1398954,3.3168378,2.1985593,3.4077668,2.1638074,3.3539014,1.9666532,3.0483124
2023-02-13,1.8189791,2.9999256,4.6498847,3.0821667,4.777358,3.033448,4.701844,2.7570567,4.273438
2023-02-14,1.9406539,3.200596,4.9609237,3.2883382,5.096924,3.2363605,5.016359,2.9414814,4.559296
2023-02-15,2.5041368,4.1299124,6.401364,4.243131,6.5768533,4.176061,6.4728947,3.7955616,5.88312
2023-02-16,4.030217,6.6467786,10.302506,6.8289957,10.584943,6.721052,10.41763,6.108667,9.468433
2023-02-17,6.55753,10.814914,16.763115,11.111398,17.222666,10.935763,16.950432,9.939357,15.406003
2023-02-18,6.142612,10.130616,15.702455,10.40834,16.132927,10.243819,15.877919,9.310458,14.43121
2023-02-19,5.020908,8.280662,12.835025,8.50767,13.186889,8.373193,12.978449,7.6102734,11.795923
2023-02-20,5.7132416,9.4224825,14.604847,9.680794,15.00523,9.527773,14.768047,8.659655,13.422464
2023-02-21,2.885809,4.7593794,7.377038,4.889855,7.5792747,4.8125625,7.4594717,4.3740683,6.7798057
2023-02-22,2.3863537,3.9356601,6.100273,4.043554,6.267508,3.9796386,6.1684394,3.6170359,5.6064053
2023-02-23,2.1559994,3.5557516,5.5114145,3.6532302,5.6625066,3.5954847,5.5730014,3.267884,5.06522
2023-02-24,3.6983864,6.0995116,9.454243,6.2667255,9.713425,6.16767,9.559888,5.6057057,8.688844
2023-02-25,4.1799846,6.89378,10.685359,7.082769,10.9782915,6.9708138,10.804761,6.335672,9.8202915
2023-02-26,4.2375426,6.988707,10.832496,7.1802983,11.129462,7.0668015,10.953542,6.4229136,9.955516
2023-02-27,3.056263,5.0404983,7.8127723,5.1786804,8.026955,5.0968227,7.900075,4.632428,7.1802635
2023-02-28,3.0580475,5.043442,7.8173347,5.1817045,8.031642,5.0997987,7.904688,4.6351333,7.1844563
2023-03-01,3.1044295,5.1199365,7.935901,5.2602963,8.15346,5.1771483,8.02458,4.7054353,7.2934246
2023-03-02,3.672725,6.0571895,9.388643,6.2232437,9.646028,6.124875,9.493556,5.56681,8.628555
2023-03-03,2.7752154,4.576985,7.0943265,4.70246,7.2888126,4.6281295,7.1736007,4.20644,6.519982
2023-03-04,2.9181144,4.812659,7.459621,4.944595,7.6641216,4.8664374,7.542978,4.423034,6.855703
2023-03-05,2.7568204,4.546647,7.0473027,4.6712904,7.2405,4.597453,7.126052,4.1785583,6.476765
2023-03-06,3.851035,6.351265,9.8444605,6.525381,10.114341,6.4222364,9.954466,5.8370776,9.04747
2023-03-07,3.96482,6.5389233,10.135331,6.7181835,10.413184,6.6119914,10.248587,6.009543,9.314792
2023-03-08,3.4462957,5.6837544,8.809819,5.839571,9.051334,5.747267,8.908263,5.2236075,8.096591
2023-03-09,2.116173,3.4900684,5.409606,3.5857463,5.5579066,3.5290678,5.4700546,3.2075186,4.9716535
2023-03-10,5.527956,9.116903,14.1312,9.3668375,14.518598,9.218779,14.289106,8.378815,12.987163
2023-03-11,2.0024476,3.3025084,5.118888,3.3930445,5.2592187,3.3394117,5.176088,3.035143,4.704471
2023-03-12,4.5936675,7.576041,11.742864,7.7837334,12.064786,7.6606984,11.874083,6.962698,10.792182
2023-03-13,7.5484548,12.4491825,19.296232,12.790468,19.825226,12.588294,19.511856,11.441318,17.734041
2023-03-14,5.559983,9.169723,14.21307,9.421105,14.602713,9.272189,14.371893,8.427358,13.062404
2023-03-15,2.3758492,3.9183357,6.07342,4.0257545,6.239919,3.9621205,6.141287,3.601114,5.5817266
2023-03-16,4.465117,7.364031,11.4142475,7.5659113,11.727162,7.446319,11.541794,6.767852,10.4901705
2023-03-17,3.412944,5.62875,8.724562,5.783058,8.96374,5.6916475,8.822053,5.1730556,8.018236
2023-03-18,3.2871382,5.421266,8.402962,5.5698867,8.633324,5.4818454,8.4968605,4.98237,7.722673
2023-03-19,3.392686,5.5953393,8.672775,5.7487316,8.910534,5.6578636,8.769689,5.14235,7.9706426
2023-03-20,3.7102346,6.119052,9.48453,6.286802,9.744542,6.1874285,9.590514,5.623664,8.716679
2023-03-21,4.20058,6.9277472,10.738008,7.117667,11.032384,7.0051603,10.857998,6.366889,9.868678
2023-03-22,5.9242897,9.770551,15.144353,10.038404,15.559526,9.87973,15.313581,8.979544,13.918292
2023-03-23,6.52175,10.755904,16.671652,11.05077,17.128693,10.876094,16.857944,9.885124,15.321942
2023-03-24,6.423445,10.593776,16.420351,10.884197,16.870504,10.712154,16.603838,9.736122,15.090989
2023-03-25,7.6074224,12.546433,19.446972,12.890386,19.980097,12.686632,19.66428,11.530696,17.872578
2023-03-26,3.715704,6.1280723,9.498511,6.296069,9.758907,6.1965494,9.604651,5.631954,8.729528
2023-03-27,4.10776,6.774665,10.5007305,6.960388,10.788601,6.8503675,10.61807,6.2261996,9.650609
2023-03-28,2.9928608,4.935933,7.6506963,5.0712485,7.860435,4.9910893,7.7361884,4.536329,7.0313096
2023-03-29,3.7476242,6.180716,9.58011,6.3501563,9.842742,6.2497816,9.687161,5.680336,8.804521
2023-03-30,6.120224,10.093693,15.645224,10.370405,16.074127,10.206484,15.820049,9.276525,14.3786125
2023-03-31,6.186628,10.203208,15.814972,10.482923,16.24853,10.317223,15.991694,9.377174,14.53462
2023-04-01,5.560068,9.169864,14.213288,9.421249,14.602936,9.272331,14.372113,8.427487,13.062605
2023-04-02,4.558613,7.5182276,11.653253,7.724335,11.972719,7.602239,11.78347,6.909565,10.7098255
2023-04-03,3.952937,6.5193253,10.104954,6.698048,10.381974,6.5921745,10.21787,5.991532,9.286874
2023-04-04,2.2985232,3.7908068,5.8757505,3.8947294,6.0368304,3.8331666,5.941408,3.4839096,5.4000597
2023-04-05,1.5132984,2.495786,3.868468,2.5642064,3.9745197,2.5236747,3.9116957,2.2937315,3.5552835
2023-04-06,3.1111495,5.1310196,7.95308,5.2716827,8.171108,5.1883554,8.04195,4.715621,7.309212
2023-04-07,3.1684697,5.2255535,8.099607,5.3688087,8.321653,5.283946,8.190116,4.802502,7.443878
2023-04-08,1.9833711,3.2710469,5.0701227,3.3607204,5.2091165,3.3075986,5.1267776,3.0062284,4.659654
2023-04-09,2.102651,3.4677672,5.375039,3.5628338,5.5223923,3.5065174,5.435102,3.1870227,4.939885
2023-04-10,4.5235577,7.4604135,11.563641,7.664936,11.8806505,7.543779,11.692857,6.856431,10.627468
2023-04-11,5.5367703,9.13144,14.153731,9.381773,14.541748,9.233479,14.311892,8.392175,13.007871
2023-04-12,4.7109046,7.7693925,12.042558,7.9823856,12.372698,7.8562107,12.177126,7.140396,11.067614
2023-04-13,5.803571,9.571458,14.835759,9.833853,15.242472,9.678412,15.001539,8.796569,13.634682
2023-04-14,2.6325514,4.341698,6.729632,4.460723,6.91412,4.390214,6.8048315,3.9902017,6.1848125
2023-04-15,4.2498083,7.0089364,10.863852,7.2010818,11.161676,7.0872564,10.985247,6.441505,9.984332
2023-04-16,3.8511808,6.3515053,9.844832,6.525628,10.114723,6.4224796,9.9548435,5.8372984,9.047812
2023-04-17,3.5772808,5.89978,9.144658,6.061518,9.395353,5.965706,9.246844,5.4221435,8.404322
2023-04-18,4.7569995,7.845414,12.160392,8.060491,12.49376,7.9330816,12.296276,7.210263,11.175907
2023-04-19,5.1319413,8.463781,13.11886,8.69581,13.478505,8.558359,13.265456,7.7785683,12.056781
2023-04-20,4.7812157,7.885352,12.222296,8.101524,12.557363,7.973466,12.358871,7.246968,11.2328
2023-04-21,3.7581313,6.198045,9.606969,6.3679605,9.870338,6.267304,9.714321,5.696262,8.8292055
2023-04-22,2.7432134,4.5242057,7.0125184,4.648234,7.2047625,4.574761,7.090879,4.157934,6.444798
2023-04-23,4.1444907,6.8352427,10.594625,7.0226264,10.885071,6.911622,10.713014,6.281873,9.736903
2023-04-24,6.1171823,10.088676,15.637448,10.365251,16.066137,10.201411,15.812187,9.2719145,14.371467
2023-04-25,3.491502,5.7583103,8.925381,5.9161706,9.170064,5.8226557,9.025116,5.2921276,8.202798
2023-04-26,1.6196445,2.6711757,4.140322,2.7444043,4.2538266,2.7010245,4.186588,2.454922,3.8051288
2023-04-27,2.6516345,4.3731704,6.778414,4.493058,6.96424,4.422038,6.854159,4.0191264,6.2296457
2023-04-28,4.025593,6.639152,10.290686,6.82116,10.572798,6.7133403,10.405677,6.101658,9.457569
2023-04-29,3.2824633,5.413556,8.391011,5.5619655,8.621046,5.474049,8.484776,4.975284,7.71169
2023-04-30,2.6928194,4.4410944,6.883696,4.562844,7.0724077,4.4907207,6.960617,4.081551,6.326404
2023-05-01,2.4759686,4.083456,6.3293567,4.1954017,6.5028725,4.129086,6.400083,3.7528665,5.8169427
2023-05-02,3.317952,5.472085,8.481731,5.622099,8.714253,5.533232,8.576509,5.0290747,7.7950654
2023-05-03,3.0870075,5.0912037,7.8913655,5.2307754,8.107701,5.148094,7.9795456,4.6790285,7.252494
2023-05-04,3.6578252,6.0326166,9.350555,6.1979966,9.6068945,6.100027,9.455042,5.544226,8.593551
2023-05-05,2.2754805,3.752804,5.816846,3.8556848,5.976311,3.7947392,5.8818455,3.4489834,5.3459244
2023-05-06,1.668105,2.7510986,4.2642026,2.826518,4.381103,2.7818403,4.3118525,2.5283744,3.9189804
2023-05-07,1.3458991,2.219705,3.4405427,2.280557,3.534863,2.2445087,3.4789884,2.0400016,3.1620023
2023-05-08,1.6605835,2.7386937,4.244975,2.8137734,4.3613486,2.769297,4.29241,2.516974,3.9013095
2023-05-09,2.6786072,4.417655,6.847365,4.538762,7.035081,4.4670196,6.92388,4.0600095,6.2930145
2023-05-10,2.942235,4.8524394,7.521281,4.985466,7.7274723,4.9066625,7.6053267,4.4595942,6.9123707
2023-05-11,1.6866144,2.781625,4.3115187,2.8578813,4.429716,2.812708,4.3596973,2.5564294,3.9624655
2023-05-12,3.7747974,6.225531,9.649573,6.3962,9.91411,6.295098,9.757401,5.721523,8.8683605
2023-05-13,2.9808009,4.9160438,7.619868,5.0508137,7.828761,4.9709773,7.7050147,4.5180492,7.002976
2023-05-14,2.3779957,3.9218757,6.078907,4.0293913,6.2455564,3.9657001,6.146835,3.6043675,5.5867696
2023-05-15,3.5757062,5.897183,9.140634,6.0588503,9.391217,5.9630804,9.242774,5.4197574,8.400623
2023-05-16,4.435984,7.3159842,11.339775,7.516547,11.650648,7.3977356,11.46649,6.723695,10.421726
2023-05-17,3.5654526,5.8802724,9.114422,6.0414762,9.364288,5.9459805,9.2162695,5.4042153,8.3765335
2023-05-18,3.0069761,4.959213,7.6867795,5.0951667,7.897508,5.014629,7.7726746,4.5577235,7.0644712
2023-05-19,3.2473614,5.3556647,8.30128,5.502487,8.528855,5.415511,8.394042,4.9220796,7.629223
2023-05-20,4.3469224,7.1691003,11.112105,7.3656363,11.416736,7.2492104,11.236276,6.588702,10.212488
2023-05-21,2.989814,4.9309087,7.642908,5.0660863,7.8524337,4.986008,7.7283125,4.5317106,7.0241513
2023-05-22,3.267952,5.3896236,8.353916,5.5373764,8.582933,5.449849,8.447266,4.953289,7.677598
2023-05-23,4.7705936,7.867834,12.195143,8.083526,12.529465,7.955752,12.331415,7.230868,11.207845
2023-05-24,2.7160208,4.4793587,6.9430056,4.6021576,7.133344,4.5294127,7.0205894,4.116718,6.3809123
2023-05-25,3.3687603,5.5558805,8.611614,5.7081914,8.847696,5.617964,8.707844,5.106086,7.9144325
2023-05-26,4.3084707,7.1056843,11.01381,7.3004823,11.315747,7.185086,11.136883,6.5304203,10.122151
2023-05-27,3.0741663,5.0700254,7.858539,5.209017,8.073976,5.1266794,7.946353,4.659565,7.2223253
2023-05-28,3.4223697,5.6442947,8.748656,5.7990294,8.988495,5.707366,8.846417,5.1873426,8.0403805
2023-05-29,4.854326,8.005928,12.409188,8.225406,12.749378,8.095389,12.547853,7.357782,11.404562
2023-05-30,4.1645703,6.8683586,10.645955,7.05665,10.937807,6.9451084,10.764917,6.3123083,9.784078
2023-05-31,3.9320908,6.484945,10.051664,6.6627254,10.327224,6.5574102,10.163985,5.959935,9.237899
2023-06-01,4.051128,6.6812654,10.355961,6.864428,10.639863,6.755924,10.471683,6.140362,9.51756
2023-06-02,3.6909287,6.087212,9.435179,6.254089,9.693837,6.1552324,9.54061,5.594402,8.671323
2023-06-03,3.8087084,6.2814584,9.73626,6.4536605,10.003174,6.3516498,9.845057,5.7729225,8.9480295
2023-06-04,3.6477993,6.0160813,9.324925,6.1810083,9.580563,6.0833073,9.429126,5.52903,8.569996
2023-06-05,3.6922646,6.089415,9.438593,6.2563524,9.697346,6.15746,9.544063,5.5964265,8.67446
2023-06-06,3.3081853,5.455978,8.456765,5.60555,8.6886015,5.516945,8.551265,5.0142713,7.77212
2023-06-07,3.157326,5.2071753,8.071121,5.3499265,8.292386,5.2653623,8.161311,4.785611,7.417697
2023-06-08,3.7352254,6.160268,9.548415,6.3291473,9.810178,6.2291045,9.655111,5.661543,8.775392
2023-06-09,3.908147,6.4454565,9.990458,6.622154,10.2643385,6.5174804,10.102095,5.923643,9.181646
2023-06-10,3.7226212,6.13948,9.516194,6.3077903,9.777075,6.208085,9.622532,5.6424384,8.745779
2023-06-11,3.8239458,6.3065886,9.775212,6.4794793,10.043193,6.3770604,9.884443,5.796018,8.983828
2023-06-12,3.2969444,5.437439,8.42803,5.5865026,8.659079,5.498199,8.522208,4.9972334,7.7457113
2023-06-13,3.5367403,5.8329186,9.041023,5.9928246,9.2888775,5.898098,9.142052,5.360696,8.309078
2023-06-14,3.8923876,6.419465,9.9501705,6.595451,10.222948,6.4911985,10.0613575,5.8997564,9.144622
2023-06-15,2.8560975,4.710378,7.301086,4.8395104,7.5012407,4.763014,7.3826714,4.3290343,6.710003
2023-06-16,2.2489552,3.7090576,5.749039,3.810739,5.9066453,3.750504,5.813281,3.4087787,5.283607
2023-06-17,1.7030898,2.808797,4.353635,2.8857982,4.472987,2.8401833,4.402284,2.5814013,4.001172
2023-06-18,2.176238,3.58913,5.5631514,3.6875236,5.7156615,3.629236,5.6253157,3.2985601,5.112768
2023-06-19,3.4445565,5.680886,8.805372,5.8366237,9.046766,5.744366,8.903768,5.220971,8.0925045
2023-06-20,2.9977303,4.943964,7.663144,5.0794997,7.8732243,4.99921,7.748775,4.5437093,7.042749
2023-06-21,2.914731,4.807079,7.450972,4.938862,7.655236,4.860795,7.534232,4.4179063,6.8477545
2023-06-22,3.8062613,6.2774224,9.730004,6.449514,9.996746,6.347569,9.838732,5.769213,8.94228
2023-06-23,3.0989208,5.1108513,7.921819,5.250962,8.13899,5.1679616,8.010341,4.6970854,7.2804823
2023-06-24,1.7580448,2.8994305,4.4941173,2.9789166,4.6173205,2.93183,4.5443363,2.6646976,4.1302814
2023-06-25,2.352303,3.8795025,6.013229,3.9858565,6.178077,3.9228535,6.080423,3.5654247,5.526408
2023-06-26,4.5751376,7.5454807,11.695495,7.7523355,12.01612,7.629797,11.826185,6.934612,10.748648
2023-06-27,3.1278174,5.158509,7.9956884,5.299926,8.214885,5.2161517,8.085035,4.740885,7.348371
2023-06-28,2.0247505,3.339291,5.175901,3.4308355,5.317795,3.3766055,5.2337384,3.0689478,4.756869
2023-06-29,3.2629163,5.3813186,8.341043,5.528844,8.569708,5.4414515,8.43425,4.9456563,7.665767
2023-06-30,2.9685411,4.8958244,7.5885277,5.0300403,7.796562,4.950532,7.673324,4.499467,6.9741735
2023-07-01,5.265287,8.6837,13.459734,8.921758,13.828724,8.780735,13.610139,7.9806824,12.370057
2023-07-02,5.3585515,8.837515,13.698148,9.07979,14.073674,8.936269,13.851216,8.1220455,12.58917
2023-07-03,6.1554065,10.151717,15.735161,10.430019,16.166529,10.265156,15.910991,9.329851,14.461268
2023-07-04,4.778877,7.881495,12.216317,8.097561,12.551219,7.9695654,12.352826,7.2434225,11.227304
2023-07-05,7.0562572,11.637432,18.03802,11.956465,18.53252,11.767473,18.239582,10.695286,16.577692
2023-07-06,3.0109615,4.9657855,7.696967,5.1019197,7.907975,5.021275,7.782976,4.563764,7.073834
2023-07-07,2.4118774,3.9777546,6.165519,4.0868025,6.3345437,4.0222034,6.234415,3.6557224,5.6663694
2023-07-08,2.2000492,3.6283998,5.6240196,3.7278702,5.7781987,3.668945,5.686865,3.334651,5.168709
2023-07-09,2.3136988,3.815835,5.914544,3.9204435,6.0766873,3.8584745,5.980635,3.5069115,5.435713
2023-07-10,2.8790255,4.748192,7.3596973,4.8783607,7.561459,4.80125,7.4419374,4.3637867,6.7638693
2023-07-11,3.6630166,6.041178,9.363826,6.2067933,9.620529,6.1086845,9.468461,5.552095,8.605747
2023-07-12,4.4833255,7.394061,11.460794,7.5967646,11.774984,7.476685,11.588861,6.7954507,10.5329485
2023-07-13,4.0826354,6.7332287,10.436504,6.9178157,10.722614,6.8084683,10.553125,6.188118,9.591582
2023-07-14,2.8368895,4.6787,7.2519846,4.8069634,7.4507933,4.7309813,7.3330207,4.2999206,6.6648765
2023-07-15,4.87308,8.036858,12.457129,8.257183,12.798634,8.126664,12.596329,7.3862076,11.448622
2023-07-16,5.344709,8.814686,13.662763,9.0563345,14.037318,8.913184,13.815435,8.101064,12.556648
2023-07-17,4.33328,7.1466007,11.07723,7.34252,11.380906,7.2264595,11.201012,6.568024,10.180437
2023-07-18,1.9890698,3.2804453,5.08469,3.3703766,5.2240834,3.3171022,5.141508,3.014866,4.6730423
2023-07-19,3.0898836,5.095947,7.8987174,5.2356486,8.115255,5.1528907,7.9869804,4.6833878,7.2592506
2023-07-20,2.0192406,3.330204,5.161816,3.4214995,5.303324,3.3674169,5.219496,3.0605965,4.743924
2023-07-21,2.6565506,4.3812785,6.7909813,4.5013885,6.977152,4.4302363,6.866866,4.026578,6.2411957
2023-07-22,3.937951,6.4946103,10.066646,6.6726556,10.342616,6.567183,10.179133,5.9688177,9.251667
2023-07-23,5.7121754,9.420724,14.602121,9.6789875,15.00243,9.525995,14.765292,8.658039,13.41996
2023-07-24,4.1728396,6.8819966,10.667094,7.070662,10.959526,6.9588985,10.786292,6.324842,9.803505
2023-07-25,2.8873842,4.7619777,7.3810654,4.8925242,7.583412,4.8151894,7.4635434,4.376456,6.7835064
2023-07-26,3.1619756,5.2148438,8.083008,5.3578053,8.304598,5.273116,8.173329,4.792659,7.428621
2023-07-27,5.11431,8.434703,13.073789,8.665935,13.432199,8.528955,13.21988,7.751844,12.015358
2023-07-28,3.880742,6.400259,9.920402,6.575718,10.192363,6.471778,10.031256,5.882105,9.117262
2023-07-29,3.9196653,6.4644527,10.019901,6.641671,10.29459,6.536689,10.131867,5.9411016,9.208707
2023-07-30,5.6283355,9.282453,14.387801,9.536925,14.782234,9.386178,14.548575,8.530961,13.222989
2023-07-31,6.6939006,11.039821,17.111721,11.34247,17.580828,11.163184,17.302935,10.146056,15.726387
2023-08-01,5.471248,9.023378,13.986236,9.270749,14.36966,9.124209,14.142524,8.292861,12.853934
2023-08-02,5.475525,9.030432,13.997169,9.277995,14.380892,9.131341,14.153578,8.299344,12.863983
2023-08-03,6.5280147,10.766235,16.687664,11.061385,17.145147,10.886541,16.874138,9.89462,15.33666
2023-08-04,2.862709,4.7212825,7.3179874,4.8507133,7.518605,4.7740397,7.399761,4.3390555,6.725536
2023-08-05,2.9798028,4.9143977,7.6173162,5.049123,7.82614,4.969313,7.702435,4.5165367,7.000632
2023-08-06,4.3077006,7.1044145,11.011842,7.299177,11.3137245,7.1838017,11.134892,6.529253,10.120342
2023-08-07,5.686686,9.378687,14.536964,9.6357975,14.935486,9.483487,14.699405,8.619404,13.360076
2023-08-08,4.610167,7.603253,11.785042,7.811691,12.10812,7.6882143,11.916732,6.9877067,10.830945
2023-08-09,2.8809776,4.7514114,7.3646874,4.8816686,7.566586,4.8045053,7.446983,4.3667455,6.7684555
2023-08-10,1.1294833,1.8627844,2.8873158,1.9138515,2.9664698,1.8835999,2.9195797,1.7119766,2.6535637
2023-08-11,2.3276799,3.8388932,5.950284,3.944134,6.1134076,3.8817902,6.0167747,3.5281029,5.4685593
2023-08-12,3.284809,5.417425,8.397009,5.5659404,8.627208,5.477961,8.490839,4.9788394,7.7172008
2023-08-13,3.1995285,5.276777,8.179004,5.4214363,8.403226,5.3357415,8.270399,4.8495784,7.516846
2023-08-14,2.0893228,3.445786,5.340968,3.54025,5.4873877,3.4842906,5.4006505,3.1668212,4.9085727
2023-08-15,2.8432848,4.689247,7.268333,4.8178,7.46759,4.741647,7.349552,4.3096137,6.679901
2023-08-16,2.4547927,4.048532,6.275224,4.15952,6.447256,4.093772,6.3453465,3.72077,5.7671933
2023-08-17,3.232584,5.3312936,8.263505,5.4774475,8.490044,5.390867,8.355844,4.899681,7.5945053
2023-08-18,2.382135,3.9287024,6.0894885,4.036405,6.256428,3.972603,6.1575346,3.6106412,5.5964937
2023-08-19,2.79446,4.6087236,7.1435213,4.735069,7.3393564,4.6602235,7.223346,4.2356095,6.5651946
2023-08-20,1.8619771,3.0708394,4.759801,3.1550245,4.890288,3.105154,4.8129888,2.8222296,4.374456
2023-08-21,1.9077663,3.1463566,4.8768525,3.232612,5.010548,3.1815152,4.9313483,2.891633,4.482031
2023-08-22,1.9879924,3.2786684,5.081936,3.368551,5.221254,3.3153055,5.1387234,3.013233,4.670511
2023-08-23,1.7327636,2.8577359,4.4294906,2.936079,4.5509224,2.8896692,4.478987,2.6263785,4.0708866
2023-08-24,2.2874527,3.772549,5.8474507,3.875971,6.007755,3.814705,5.912792,3.46713,5.374051
2023-08-25,2.7335465,4.5082626,6.987807,4.631854,7.1793737,4.55864,7.0658917,4.1432815,6.4220862
2023-08-26,3.98895,6.578719,10.197015,6.759071,10.47656,6.652232,10.31096,6.046118,9.371482
2023-08-27,3.4730177,5.727825,8.878129,5.88485,9.121517,5.79183,8.977336,5.2641106,8.159371
2023-08-28,2.0367477,3.3590772,5.2065697,3.4511642,5.349304,3.396613,5.26475,3.0871322,4.7850547
2023-08-29,1.8014255,2.9709754,4.605012,3.0524228,4.731255,3.0041742,4.65647,2.7304504,4.2321978
2023-08-30,3.4571645,5.7016797,8.837604,5.8579874,9.07988,5.7653923,8.9363575,5.2400813,8.122126
2023-08-31,3.5149653,5.7970066,8.98536,5.955928,9.231688,5.8617845,9.085766,5.327691,8.257921
2023-09-01,1.782248,2.9393473,4.5559883,3.0199277,4.6808877,2.9721928,4.606899,2.7013829,4.1871433
2023-09-02,1.6719608,2.7574577,4.2740593,2.8330517,4.39123,2.7882705,4.3218193,2.5342188,3.928039
2023-09-03,1.8253611,3.010451,4.666199,3.0929806,4.79412,3.044091,4.718341,2.76673,4.2884316
2023-09-04,2.7141302,4.4762406,6.938173,4.598954,7.128379,4.52626,7.0157027,4.113852,6.3764706
2023-09-05,2.8905485,4.767196,7.389154,4.897886,7.591723,4.8204665,7.471723,4.3812523,6.7909408
2023-09-06,2.367013,3.9037626,6.050832,4.010782,6.2167115,3.9473846,6.118446,3.5877206,5.560967
2023-09-07,2.7885149,4.5989184,7.1283236,4.724995,7.3237424,4.6503086,7.2079782,4.2265983,6.551227
2023-09-08,2.0228095,3.3360898,5.170939,3.4275467,5.3126974,3.3733687,5.2287216,3.066006,4.752309
2023-09-09,1.3809613,2.277531,3.5301728,2.339968,3.6269503,2.302981,3.5696204,2.0931458,3.244376
2023-09-10,1.6336293,2.69424,4.176072,2.768101,4.2905564,2.7243464,4.222737,2.476119,3.8379843
2023-09-11,2.5546615,4.213239,6.5305204,4.3287425,6.709551,4.2603197,6.603495,3.8721428,6.001821
2023-09-12,1.8034257,2.9742742,4.6101246,3.0558121,4.736509,3.00751,4.66164,2.7334821,4.236897
2023-09-13,3.0954425,5.105115,7.912928,5.245068,8.129855,5.1621614,8.001349,4.6918135,7.2723107
2023-09-14,1.302259,2.1477323,3.328985,2.206611,3.4202468,2.1717317,3.366184,1.9738555,3.059476
2023-09-15,2.09918,3.4620428,5.366166,3.5569525,5.513276,3.500729,5.42613,3.1817617,4.9317307
2023-09-16,1.6024045,2.6427429,4.0962515,2.715192,4.2085476,2.6722739,4.1420245,2.428791,3.764626
2023-09-17,2.3951793,3.9502156,6.1228337,4.058508,6.290687,3.9943566,6.1912527,3.6304128,5.6271396
2023-09-18,5.238112,8.638882,13.390266,8.875711,13.757352,8.735416,13.539895,7.939493,12.306214
2023-09-19,6.9997334,11.544211,17.893528,11.860688,18.384066,11.67321,18.093475,10.6096115,16.444897
2023-09-20,6.048668,9.97568,15.462304,10.249157,15.886192,10.087152,15.635084,9.168066,14.210502
2023-09-21,4.6127257,7.6074724,11.791582,7.8160267,12.114841,7.6924815,11.923346,6.991585,10.836956
2023-09-22,4.01419,6.6203465,10.261537,6.801839,10.54285,6.6943245,10.376203,6.0843744,9.43078
2023-09-23,4.0286865,6.644254,10.2985935,6.826402,10.580923,6.7184997,10.413674,6.106347,9.464838
2023-09-24,2.9881694,4.928196,7.6387033,5.0632997,7.848114,4.9832654,7.724061,4.5292177,7.020287
2023-09-25,2.8838997,4.756231,7.3721576,4.8866196,7.57426,4.8093786,7.4545364,4.3711743,6.77532
2023-09-26,1.9720937,3.2524476,5.0412936,3.3416114,5.1794977,3.2887917,5.0976267,2.989135,4.633159
2023-09-27,2.1840029,3.6019359,5.583,3.7006805,5.7360544,3.6421852,5.6453867,3.3103292,5.13101
2023-09-28,3.4946654,5.7635274,8.933467,5.9215307,9.178372,5.827931,9.033293,5.296922,8.210229
2023-09-29,4.1434274,6.833489,10.5919075,7.0208244,10.8822775,6.9098487,10.710265,6.2802615,9.7344055
2023-09-30,2.3515537,3.8782666,6.011313,3.9845867,6.1761093,3.9216037,6.0784855,3.5642889,5.5246477
2023-10-01,3.2093341,5.2929487,8.20407,5.4380517,8.42898,5.352094,8.295746,4.864441,7.539883
2023-10-02,2.7405818,4.5198655,7.005791,4.643775,7.197851,4.570372,7.0840764,4.153945,6.4386144
2023-10-03,5.556475,9.163938,14.2041025,9.415161,14.593499,9.266339,14.362825,8.422041,13.054163
2023-10-04,4.3481493,7.1711235,11.115241,7.3677154,11.419958,7.2512565,11.239448,6.590562,10.21537
2023-10-05,3.9566622,6.5254693,10.114477,6.7043605,10.391758,6.5983872,10.2275,5.9971786,9.295627
2023-10-06,4.446054,7.3325915,11.365517,7.53361,11.677094,7.414529,11.492519,6.7389574,10.445384
2023-10-07,5.1878753,8.55603,13.261847,8.790588,13.625412,8.651638,13.410039,7.8633485,12.1881895
2023-10-08,1.9255552,3.1756947,4.9223266,3.2627544,5.057269,3.2111812,4.9773307,2.918596,4.5238237
2023-10-09,3.300543,5.443374,8.43723,5.5926003,8.66853,5.5042,8.531509,5.002688,7.754166
2023-10-10,3.18809,5.2579126,8.149764,5.402055,8.373184,5.316666,8.240832,4.832241,7.4899735
2023-10-11,5.230329,8.626046,13.370371,8.862524,13.736912,8.722437,13.519776,7.927696,12.287929
2023-10-12,4.317283,7.1202183,11.036338,7.3154144,11.338892,7.199782,11.159661,6.5437775,10.142855
2023-10-13,6.312622,10.411002,16.137053,10.696414,16.579441,10.527339,16.317375,9.568146,14.830626
2023-10-14,5.2970786,8.736132,13.541003,8.975627,13.912221,8.833753,13.692316,8.02887,12.444748
2023-10-15,3.3083963,5.456326,8.457305,5.6059074,8.689157,5.517297,8.551809,5.014591,7.772616
2023-10-16,1.615313,2.6640322,4.12925,2.7370648,4.24245,2.6938012,4.1753917,2.4483566,3.7949526
2023-10-17,3.6851044,6.077606,9.420289,6.24422,9.67854,6.1455197,9.525556,5.5855737,8.657639
2023-10-18,5.126599,8.45497,13.105204,8.686758,13.464475,8.54945,13.251647,7.7704706,12.0442295
2023-10-19,4.0005374,6.59783,10.226636,6.778705,10.506992,6.671556,10.340912,6.0636806,9.398705
2023-10-20,4.341537,7.1602182,11.098338,7.356511,11.402592,7.240229,11.222355,6.5805397,10.199836
2023-10-21,5.7314878,9.452575,14.65149,9.711711,15.053151,9.558202,14.815212,8.687311,13.465332
2023-10-22,4.739389,7.81637,12.115374,8.030651,12.447509,7.903713,12.250755,7.1835704,11.134534
2023-10-23,3.0095465,4.963452,7.6933503,5.0995216,7.9042583,5.018915,7.7793183,4.5616193,7.0705094
2023-10-24,4.299589,7.0910363,10.991106,7.285433,11.29242,7.1702743,11.113925,6.516958,10.101285
2023-10-25,3.283843,5.4158316,8.394539,5.5643034,8.62467,5.4763503,8.488342,4.977375,7.714931
2023-10-26,2.0937717,3.4531233,5.352341,3.5477884,5.4990716,3.4917097,5.41215,3.1735644,4.919025
2023-10-27,3.0720313,5.066504,7.8530807,5.205399,8.068368,5.123119,7.940834,4.6563287,7.217309
2023-10-28,4.8521285,8.002304,12.403571,8.221683,12.7436075,8.091725,12.542174,7.3544517,11.3994
2023-10-29,7.1589065,11.8067255,18.300425,12.130399,18.802118,11.938658,18.50492,10.850873,16.818853
2023-10-30,3.787924,6.24718,9.683128,6.4184427,9.9485855,6.3169885,9.791332,5.7414193,8.8991995
2023-10-31,4.548866,7.5021524,11.628336,7.7078195,11.94712,7.585984,11.758275,6.894791,10.686926
2023-11-01,5.7426605,9.471002,14.680052,9.730643,15.082497,9.576834,14.844091,8.704246,13.49158
2023-11-02,9.361127,15.438706,23.929995,15.861948,24.58602,15.611224,24.197397,14.188815,21.992662
2023-11-03,6.979049,11.510098,17.840652,11.82564,18.32974,11.638716,18.040009,10.57826,16.396303
2023-11-04,6.066008,10.004278,15.506631,10.278539,15.931734,10.11607,15.679908,9.194349,14.251241
2023-11-05,5.898083,9.72733,15.077361,9.993999,15.490697,9.836027,15.245842,8.939822,13.856724
2023-11-06,6.3504834,10.473445,16.233839,10.760568,16.678879,10.590479,16.415241,9.625533,14.919576
2023-11-07,5.4584346,9.002246,13.953481,9.249037,14.336006,9.10284,14.109403,8.273439,12.823831
2023-11-08,6.335481,10.448703,16.195488,10.735147,16.639479,10.56546,16.376463,9.602794,14.88433
2023-11-09,5.580708,9.203904,14.266051,9.456223,14.657145,9.306751,14.425464,8.458772,13.111095
2023-11-10,4.9357643,8.14024,12.617372,8.363399,12.963267,8.231201,12.758362,7.48122,11.59589
2023-11-11,4.1182857,6.792024,10.5276375,6.9782233,10.816246,6.867921,10.645277,6.2421536,9.675338
2023-11-12,2.2210567,3.6630464,5.6777215,3.7634664,5.8333726,3.7039785,5.7411666,3.3664925,5.2180634
2023-11-13,5.3325706,8.794666,13.631732,9.035767,14.005438,8.892941,13.784059,8.082665,12.5281315
2023-11-14,6.62335,10.923467,16.931374,11.222926,17.395535,11.045529,17.12057,10.039122,15.560638
2023-11-15,5.559866,9.16953,14.21277,9.420907,14.602406,9.271994,14.37159,8.427181,13.062131
2023-11-16,2.8815348,4.7523303,7.3661118,4.8826127,7.5680494,4.8054347,7.4484234,4.36759,6.7697644
2023-11-17,1.6181879,2.6687734,4.1365986,2.7419362,4.250001,2.6985953,4.1828227,2.4527142,3.8017068
2023-11-18,4.462312,7.359405,11.407078,7.5611587,11.719795,7.441642,11.534544,6.7636003,10.483581
2023-11-19,6.902366,11.38363,17.644625,11.695704,18.128342,11.510835,17.841793,10.46203,16.216146
2023-11-20,4.6950045,7.74317,12.001913,7.955444,12.330937,7.8296947,12.136026,7.116296,11.030258
2023-11-21,2.6023803,4.291939,6.652505,4.4096,6.8348794,4.3398986,6.7268424,3.944471,6.1139297
2023-11-22,2.622174,4.3245835,6.7031045,4.443139,6.886865,4.3729076,6.7780066,3.9744725,6.1604323
2023-11-23,5.8876367,9.710101,15.050656,9.976297,15.463261,9.818605,15.218838,8.923988,13.832182
2023-11-24,5.8473983,9.643739,14.947795,9.908115,15.357578,9.751501,15.114826,8.862998,13.737646
2023-11-25,4.457791,7.3519483,11.395519,7.5534973,11.70792,7.4341016,11.522857,6.7567472,10.472958
2023-11-26,3.159114,5.210124,8.075692,5.3529563,8.297082,5.2683434,8.165932,4.788321,7.4218974
2023-11-27,4.693921,7.741383,11.999144,7.953608,12.328092,7.827888,12.133226,7.114654,11.027714
2023-11-28,4.2143884,6.9505205,10.773307,7.1410646,11.06865,7.028188,10.893691,6.3878183,9.901118
2023-11-29,3.9366672,6.4924927,10.063363,6.6704803,10.339244,6.565042,10.175815,5.9668717,9.248651
2023-11-30,1.7157682,2.8297064,4.386045,2.907281,4.506285,2.8613267,4.435056,2.6006184,4.030958
2023-12-01,2.3355193,3.8518221,5.970324,3.9574175,6.133997,3.8948638,6.037039,3.5399852,5.4869766
2023-12-02,2.1046991,3.4711452,5.380275,3.5663044,5.527772,3.509933,5.440396,3.1901274,4.9446974
2023-12-03,3.9783456,6.56123,10.169907,6.741102,10.448709,6.6345477,10.283548,6.0300446,9.346569
2023-12-04,4.434047,7.3127894,11.334824,7.513265,11.64556,7.3945055,11.461483,6.720759,10.417176
2023-12-05,2.6450093,4.362244,6.7614784,4.481832,6.9468393,4.4109893,6.8370333,4.009084,6.2140803
2023-12-06,2.971629,4.900917,7.5964212,5.0352726,7.8046722,4.9556813,7.681306,4.504147,6.9814277
2023-12-07,2.9477198,4.861485,7.5353017,4.9947596,7.741877,4.915809,7.619504,4.467908,6.925257
2023-12-08,3.8472593,6.345038,9.834808,6.518983,10.1044235,6.41594,9.944706,5.8313546,9.038599
2023-12-09,5.8740425,9.687681,15.015905,9.953263,15.427558,9.795935,15.183699,8.903383,13.800243
2023-12-10,7.748239,12.778673,19.806942,13.128993,20.34994,12.921467,20.028273,11.744134,18.203407
2023-12-11,6.634398,10.941687,16.959614,11.241647,17.424551,11.063953,17.149128,10.055867,15.586594
2023-12-12,3.2732725,5.3983984,8.367517,5.546392,8.596908,5.458722,8.461019,4.9613533,7.6900973
2023-12-13,2.694189,4.443353,6.887197,4.565165,7.0760055,4.493005,6.964157,4.0836267,6.3296213
2023-12-14,2.8970659,4.777945,7.4058146,4.9089293,7.6088405,4.8313355,7.4885697,4.391131,6.806253
2023-12-15,3.1566648,5.2060847,8.069431,5.3488064,8.290649,5.2642593,8.159602,4.7846093,7.4161444
2023-12-16,4.1368866,6.8227015,10.575187,7.009742,10.865099,6.898941,10.693358,6.2703476,9.719038
2023-12-17,4.474419,7.3793726,11.438027,7.581673,11.751593,7.461832,11.56584,6.781951,10.512024
2023-12-18,4.7873864,7.8955293,12.23807,8.11198,12.573569,7.983757,12.374823,7.256321,11.247297
2023-12-19,5.720863,9.435052,14.62433,9.693708,15.025248,9.5404825,14.787747,8.671206,13.44037
2023-12-20,5.822333,9.6024,14.883719,9.8656435,15.291747,9.709701,15.050035,8.8250065,13.67876
2023-12-21,8.081193,13.327793,20.65808,13.693166,21.224407,13.476723,20.88892,12.248798,18.985638
2023-12-22,7.3623366,12.142229,18.820454,12.4751005,19.336405,12.277911,19.030762,11.159216,17.296783
2023-12-23,6.9363894,11.439742,17.7316,11.753355,18.2177,11.567574,17.929739,10.5136,16.29608
2023-12-24,7.2455583,11.949635,18.521933,12.277226,19.029701,12.083164,18.728905,10.982213,17.02243
2023-12-25,6.2332745,10.28014,15.9342165,10.561963,16.371042,10.395014,16.11227,9.447877,14.644209
2023-12-26,5.5657744,9.179275,14.227875,9.430919,14.617924,9.281847,14.386863,8.436136,13.076011
2023-12-27,4.3668447,7.2019567,11.163033,7.3993936,11.46906,7.282434,11.287772,6.618899,10.259293
2023-12-28,7.3811536,12.173263,18.868557,12.506986,19.385828,12.309292,19.079401,11.1877365,17.340992
2023-12-29,7.7610497,12.799802,19.839693,13.1507,20.383583,12.942831,20.061388,11.763552,18.233505
2023-12-30,5.4854684,9.046831,14.022588,9.294845,14.407009,9.147923,14.179281,8.314415,12.887342
2023-12-31,7.103762,11.715779,18.159458,12.03696,18.657288,11.846696,18.362377,10.76729,16.689299
