date,wind_speed_10m_ms,solar_radiation_mj_m2,hybrid_kwh_Atlas_single,hybrid_kwh_Atlas_total,hybrid_kwh_Vertigo_single,hybrid_kwh_Vertigo_total,hybrid_kwh_Helix_single,hybrid_kwh_Helix_total,hybrid_kwh_Flux_single,hybrid_kwh_Flux_total
2023-01-01,6.1631837,2.02,145.93584,583.74335,145.93584,437.8075,145.93584,437.8075,145.93584,437.8075
2023-01-02,5.133607,1.26,145.2075,580.83,145.2075,435.6225,145.2075,435.6225,145.2075,435.6225
2023-01-03,4.3669863,2.35,146.25209,585.00836,146.25209,438.75626,146.25209,438.75626,146.25209,438.75626
2023-01-04,8.265527,0.55,144.52708,578.10834,144.52708,433.58124,144.52708,433.58124,144.52708,433.58124
2023-01-05,5.240778,2.44,146.33833,585.35333,146.33833,439.015,146.33833,439.015,146.33833,439.015
2023-01-06,5.5263386,3.02,146.89417,587.57666,146.89417,440.6825,146.89417,440.6825,146.89417,440.6825
2023-01-07,5.4022593,3.97,147.80458,591.2183,147.80458,443.41376,147.80458,443.41376,147.80458,443.41376
2023-01-08,5.4922795,3.52,147.37334,589.49335,147.37334,442.12,147.37334,442.12,147.37334,442.12
2023-01-09,5.607546,2.5,146.39583,585.5833,146.39583,439.1875,146.39583,439.1875,146.39583,439.1875
2023-01-10,5.4057965,1.98,145.8975,583.59,145.8975,437.6925,145.8975,437.6925,145.8975,437.6925
2023-01-11,6.5739765,4.25,148.07292,592.2917,148.07292,444.21875,148.07292,444.21875,148.07292,444.21875
2023-01-12,8.557334,0.38,144.36417,577.45667,144.36417,433.0925,144.36417,433.0925,144.36417,433.0925
2023-01-13,7.1774025,3.12,146.99,587.96,146.99,440.97,146.99,440.97,146.99,440.97
2023-01-14,7.033008,0.54,144.5175,578.07,144.5175,433.5525,144.5175,433.5525,144.5175,433.5525
2023-01-15,7.2027016,4.4,148.21667,592.8667,148.21667,444.65002,148.21667,444.65002,148.21667,444.65002
2023-01-16,5.2977138,1.74,145.6675,582.67,145.6675,437.0025,145.6675,437.0025,145.6675,437.0025
2023-01-17,3.4045188,5.17,105.949234,423.79694,114.48515,343.45544,109.372894,328.11868,83.35243,250.05728
2023-01-18,3.5480378,5.39,119.478485,477.91394,129.14003,387.4201,123.35359,370.0608,93.90176,281.70526
2023-01-19,4.4216037,4.6,148.40834,593.63336,148.40834,445.225,148.40834,445.225,148.40834,445.225
2023-01-20,3.1769097,1.71,83.701454,334.80582,90.637245,271.91174,86.48331,259.44992,65.34052,196.02158
2023-01-21,3.2354414,3.96,90.477585,361.91034,97.80385,293.41153,93.41602,280.24805,71.083,213.249
2023-01-22,3.5322514,1.85,114.56692,458.26767,124.10009,372.30026,118.39054,355.17163,89.33008,267.99023
2023-01-23,2.7708366,2.64,56.975754,227.90302,61.577408,184.73222,58.821407,176.46422,44.793903,134.38171
2023-01-24,2.7437801,3.25,55.980915,223.92366,60.449074,181.34721,57.773026,173.31906,44.15245,132.45735
2023-01-25,1.405744,2.91,9.898429,39.593716,10.499328,31.497982,10.1394415,30.418325,8.307692,24.923073
2023-01-26,2.4581878,1.78,39.722702,158.89081,42.935818,128.80746,41.011444,123.03433,31.216711,93.65013
2023-01-27,4.037621,1.75,145.67708,582.7083,145.67708,437.03125,145.67708,437.03125,132.4487,397.34613
2023-01-28,1.9829987,3.33,23.148397,92.59359,24.835146,74.50545,23.824928,71.47479,18.683138,56.04941
2023-01-29,3.7450254,2.4,136.72978,546.9191,146.3,438.9,141.28683,423.8605,106.652084,319.95624
2023-01-30,6.278712,5.34,149.11751,596.47003,149.11751,447.3525,149.11751,447.3525,149.11751,447.3525
2023-01-31,5.3562846,1.82,145.74417,582.9767,145.74417,437.2325,145.74417,437.2325,145.74417,437.2325
2023-02-01,6.7964,3.79,147.63208,590.5283,147.63208,442.89627,147.63208,442.89627,147.63208,442.89627
2023-02-02,5.798521,1.81,145.73459,582.93835,145.73459,437.20377,145.73459,437.20377,145.73459,437.20377
2023-02-03,5.8739076,1.25,145.19792,580.7917,145.19792,435.59375,145.19792,435.59375,145.19792,435.59375
2023-02-04,1.8465348,3.22,19.199848,76.79939,20.561777,61.68533,19.746098,59.23829,15.594456,46.783367
2023-02-05,4.825852,5.15,148.93542,595.7417,148.93542,446.80627,148.93542,446.80627,148.93542,446.80627
2023-02-06,1.8215122,4.81,20.077345,80.30938,21.384657,64.15397,20.601692,61.805077,16.616547,49.84964
2023-02-07,1.9357725,7.9,26.135803,104.54321,27.704884,83.114655,26.765144,80.29544,21.982029,65.94609
2023-02-08,2.0892975,8.04,31.046682,124.18673,33.019478,99.05844,31.837942,95.513824,25.824152,77.47246
2023-02-09,2.8998432,6.87,68.99385,275.9754,74.26863,222.8059,71.109474,213.32841,55.030037,165.0901
2023-02-10,3.5668724,5.07,121.00196,484.00784,130.81824,392.4547,124.93913,374.81738,95.015755,285.04727
2023-02-11,3.6585014,2.28,127.51091,510.04364,138.10324,414.30972,131.75934,395.278,99.470146,298.4104
2023-02-12,1.2975073,2.99,8.456047,33.82419,8.928557,26.785671,8.645564,25.936691,7.205184,21.615551
2023-02-13,1.8189791,8.6,23.644997,94.57999,24.94686,74.840576,24.167152,72.50146,20.198612,60.595833
2023-02-14,1.9406539,8.9,27.23494,108.93976,28.815914,86.44774,27.869045,83.60713,23.04966,69.14898
2023-02-15,2.5041368,8.46,48.29634,193.18536,51.693027,155.07907,49.65869,148.97607,39.30437,117.91311
2023-02-16,4.030217,2.84,146.72166,586.88666,146.72166,440.165,146.72166,440.165,132.7752,398.32565
2023-02-17,6.55753,2.73,146.61626,586.465,146.61626,439.84875,146.61626,439.84875,146.61626,439.84875
2023-02-18,6.142612,2.04,145.955,583.82,145.955,437.865,145.955,437.865,145.955,437.865
2023-02-19,5.020908,2.54,146.43417,585.7367,146.43417,439.3025,146.43417,439.3025,146.43417,439.3025
2023-02-20,5.7132416,3.25,147.11458,588.4583,147.11458,441.34375,147.11458,441.34375,147.11458,441.34375
2023-02-21,2.885809,3.21,64.584564,258.33826,69.78315,209.34944,66.669655,200.00897,50.822533,152.4676
2023-02-22,2.3863537,5.66,40.20466,160.81863,43.144245,129.43272,41.38368,124.15104,32.422775,97.26833
2023-02-23,2.1559994,3.99,29.47315,117.8926,31.64099,94.922966,30.34264,91.027916,23.734285,71.20286
2023-02-24,3.6983864,2.21,131.58759,526.35034,142.53015,427.59045,135.97649,407.92944,102.61972,307.85916
2023-02-25,4.1799846,9.67,153.26709,613.06836,153.26709,459.80127,153.26709,459.80127,153.26709,459.80127
2023-02-26,4.2375426,10.22,153.79417,615.1767,153.79417,461.38254,153.79417,461.38254,153.79417,461.38254
2023-02-27,3.056263,7.92,80.65399,322.61597,86.82923,260.4877,83.13079,249.39238,64.30645,192.91936
2023-02-28,3.0580475,11.61,84.31831,337.27325,90.50439,271.51315,86.799446,260.39835,67.94211,203.82632
2023-03-01,3.1044295,12.26,88.32234,353.28937,94.79419,284.38257,90.91809,272.75427,71.18965,213.56895
2023-03-02,3.672725,12.29,138.57126,554.28503,149.2876,447.8628,142.86946,428.60837,110.20219,330.60657
2023-03-03,2.7752154,6.08,60.530952,242.12381,65.15445,195.46335,62.38537,187.1561,48.291256,144.87376
2023-03-04,2.9181144,3.43,66.8843,267.5372,72.259445,216.77834,69.040215,207.12064,52.654892,157.96468
2023-03-05,2.7568204,5.75,59.1341,236.5364,63.666283,190.99886,60.951897,182.8557,47.136196,141.40858
2023-03-06,3.851035,5.76,149.52,598.08,149.52,448.56,149.52,448.56,118.98692,356.96075
2023-03-07,3.96482,1.92,145.84,583.36,145.84,437.52002,145.84,437.52002,125.66469,376.99408
2023-03-08,3.4462957,3.62,108.22756,432.91025,117.08157,351.24472,111.77876,335.33627,84.788635,254.3659
2023-03-09,2.116173,3.54,27.646574,110.586296,29.69649,89.08947,28.46877,85.40631,22.219904,66.65971
2023-03-10,5.527956,4.55,148.36041,593.44165,148.36041,445.08127,148.36041,445.08127,148.36041,445.08127
2023-03-11,2.0024476,11.87,31.925558,127.70223,33.662422,100.98727,32.622192,97.86657,27.327614,81.982834
2023-03-12,4.5936675,5.27,149.05042,596.20166,149.05042,447.15128,149.05042,447.15128,149.05042,447.15128
2023-03-13,7.5484548,9.86,153.44917,613.7967,153.44917,460.34753,153.44917,460.34753,153.44917,460.34753
2023-03-14,5.559983,5.66,149.42416,597.69666,149.42416,448.27252,149.42416,448.27252,149.42416,448.27252
2023-03-15,2.3758492,13.65,47.404465,189.61786,50.3054,150.9162,48.567986,145.70395,39.7249,119.1747
2023-03-16,4.465117,10.06,153.64084,614.56335,153.64084,460.92252,153.64084,460.92252,153.64084,460.92252
2023-03-17,3.412944,9.72,111.06135,444.2454,119.66074,358.98224,114.510445,343.5313,88.296326,264.88898
2023-03-18,3.2871382,11.39,101.81987,407.27948,109.50296,328.50888,104.90144,314.7043,81.48065,244.44196
2023-03-19,3.392686,9.81,109.3465,437.386,117.793686,353.38104,112.73456,338.20364,86.98448,260.95343
2023-03-20,3.7102346,3.63,134.19673,536.7869,145.24483,435.73447,138.62796,415.88385,104.94952,314.84854
2023-03-21,4.20058,6.99,150.69876,602.79504,150.69876,452.09625,150.69876,452.09625,150.69876,452.09625
2023-03-22,5.9242897,4.15,147.97708,591.9083,147.97708,443.93127,147.97708,443.93127,147.97708,443.93127
2023-03-23,6.52175,9.6,153.20001,612.80005,153.20001,459.60004,153.20001,459.60004,153.20001,459.60004
2023-03-24,6.423445,11.32,154.84834,619.3934,154.84834,464.545,154.84834,464.545,154.84834,464.545
2023-03-25,7.6074224,10.74,154.29251,617.17004,154.29251,462.87753,154.29251,462.87753,154.29251,462.87753
2023-03-26,3.715704,3.85,134.98653,539.9461,146.08345,438.25034,139.43733,418.31198,105.60979,316.82938
2023-03-27,4.10776,15.63,158.97876,635.91504,158.97876,476.93628,158.97876,476.93628,152.68451,458.05353
2023-03-28,2.9928608,12.01,80.120125,320.4805,85.91896,257.7569,82.445946,247.33784,64.76901,194.30704
2023-03-29,3.7476242,6.13,140.5844,562.3376,149.87459,449.62378,145.15094,435.45282,110.44405,331.33215
2023-03-30,6.120224,12.66,156.1325,624.53,156.1325,468.39752,156.1325,468.39752,156.1325,468.39752
2023-03-31,6.186628,7.24,150.93834,603.75336,150.93834,452.815,150.93834,452.815,150.93834,452.815
2023-04-01,5.560068,3.95,147.78542,591.14166,147.78542,443.35626,147.78542,443.35626,147.78542,443.35626
2023-04-02,4.558613,12.87,156.33376,625.335,156.33376,469.00128,156.33376,469.00128,156.33376,469.00128
2023-04-03,3.952937,19.92,163.09001,652.36005,163.09001,489.27005,163.09001,489.27005,141.80469,425.41406
2023-04-04,2.2985232,19.26,49.53729,198.14915,52.1641,156.4923,50.590862,151.77258,42.583412,127.750244
2023-04-05,1.5132984,20.11,28.14172,112.56688,28.891363,86.67409,28.44239,85.32717,26.157206,78.47161
2023-04-06,3.1111495,3.98,80.88568,323.54272,87.39963,262.19888,83.49834,250.495,63.641495,190.92447
2023-04-07,3.1684697,5.61,86.78661,347.14645,93.6673,281.0019,89.54638,268.63913,68.57168,205.71504
2023-04-08,1.9833711,14.07,33.45216,133.80864,35.139847,105.41955,34.129066,102.38721,28.984375,86.953125
2023-04-09,2.102651,17.75,40.80253,163.21011,42.813393,128.44017,41.609062,124.82718,35.479218,106.43765
2023-04-10,4.5235577,10.18,153.75584,615.0234,153.75584,461.26752,153.75584,461.26752,153.75584,461.26752
2023-04-11,5.5367703,19.62,162.80252,651.2101,162.80252,488.40756,162.80252,488.40756,162.80252,488.40756
2023-04-12,4.7109046,11.51,155.03043,620.1217,155.03043,465.09128,155.03043,465.09128,155.03043,465.09128
2023-04-13,5.803571,17.31,160.58876,642.35504,160.58876,481.7663,160.58876,481.7663,160.58876,481.7663
2023-04-14,2.6325514,20.65,66.483665,265.93466,70.430176,211.29053,68.06657,204.1997,56.03621,168.10864
2023-04-15,4.2498083,16.11,159.43877,637.75507,159.43877,478.31628,159.43877,478.31628,159.43877,478.31628
2023-04-16,3.8511808,6.72,150.44,601.76,150.44,451.32,150.44,451.32,119.91981,359.75943
2023-04-17,3.5772808,11.85,128.5192,514.0768,138.42162,415.26483,132.4909,397.47272,102.30484,306.91452
2023-04-18,4.7569995,14.13,157.54126,630.16504,157.54126,472.62378,157.54126,472.62378,157.54126,472.62378
2023-04-19,5.1319413,22.09,165.1696,660.6784,165.1696,495.5088,165.1696,495.5088,165.1696,495.5088
2023-04-20,4.7812157,14.36,157.76167,631.0467,157.76167,473.28503,157.76167,473.28503,157.76167,473.28503
2023-04-21,3.7581313,18.84,153.90105,615.6042,162.05501,486.16504,158.5061,475.5183,123.506516,370.51953
2023-04-22,2.7432134,11.04,63.413563,253.65425,67.878975,203.63693,65.20458,195.61375,51.592464,154.77739
2023-04-23,4.1444907,13.67,157.10043,628.40173,157.10043,471.30127,157.10043,471.30127,154.53331,463.5999
2023-04-24,6.1171823,10.16,153.73668,614.9467,153.73668,461.21002,153.73668,461.21002,153.73668,461.21002
2023-04-25,3.491502,19.93,128.03477,512.1391,137.24179,411.72537,131.72755,395.18265,103.66134,310.984
2023-04-26,1.6196445,13.32,23.63903,94.55612,24.558088,73.67426,24.007654,72.022964,21.206047,63.61814
2023-04-27,2.6516345,21.48,68.3019,273.2076,72.33486,217.0046,69.91947,209.7584,57.625603,172.8768
2023-04-28,4.025593,8.43,152.07875,608.315,152.07875,456.23627,152.07875,456.23627,137.68515,413.05548
2023-04-29,3.2824633,12.31,102.31424,409.25696,109.964615,329.89383,105.382675,316.148,82.06169,246.18509
2023-04-30,2.6928194,19.7,68.85419,275.41675,73.07799,219.23395,70.548294,211.64487,57.67264,173.01793
2023-05-01,2.4759686,17.13,55.26407,221.05627,58.54744,175.64232,56.580975,169.74292,46.572163,139.71649
2023-05-02,3.317952,16.16,108.97157,435.8863,116.87278,350.61835,112.140625,336.42188,88.055,264.16498
2023-05-03,3.0870075,25.15,99.393326,397.5733,105.75679,317.27036,101.945595,305.8368,82.547455,247.64236
2023-05-04,3.6578252,24.26,148.50563,594.0225,159.09207,477.27618,152.7517,458.25507,120.48039,361.4412
2023-05-05,2.2754805,13.87,43.446484,173.78593,45.995083,137.98524,44.46869,133.40607,36.699657,110.09897
2023-05-06,1.668105,18.73,29.829185,119.31674,30.833225,92.49968,30.23189,90.69566,27.171213,81.51364
2023-05-07,1.3458991,10.06,15.880611,63.522446,16.40799,49.22397,16.092136,48.276405,14.484509,43.45353
2023-05-08,1.6605835,17.91,28.883377,115.53351,29.8739,89.6217,29.280659,87.84198,26.2612,78.7836
2023-05-09,2.6786072,4.63,53.624985,214.49994,57.78226,173.34679,55.292408,165.87723,42.61956,127.85868
2023-05-10,2.942235,14.0,78.60403,314.4161,84.11355,252.34064,80.81382,242.44145,64.01882,192.05646
2023-05-11,1.6866144,15.83,27.449871,109.799484,28.487705,85.46312,27.86613,83.5984,24.702435,74.10731
2023-05-12,3.7747974,17.78,154.70058,618.8023,161.03918,483.11755,159.36719,478.10156,123.899826,371.69946
2023-05-13,2.9808009,24.71,91.46489,365.85956,97.1939,291.5817,93.76271,281.28812,76.29861,228.89581
2023-05-14,2.3779957,22.08,55.576332,222.30533,58.485138,175.45541,56.74301,170.22903,47.87594,143.6278
2023-05-15,3.5757062,17.78,134.04747,536.1899,143.93681,431.81046,138.01398,414.04196,107.86772,323.60318
2023-05-16,4.435984,18.75,161.96877,647.87506,161.96877,485.90628,161.96877,485.90628,161.96877,485.90628
2023-05-17,3.5654526,23.61,138.63086,554.52344,148.43538,445.30612,142.5633,427.6899,112.67566,338.027
2023-05-18,3.0069761,22.9,91.53172,366.1269,97.41304,292.2391,93.890625,281.67188,75.9624,227.8872
2023-05-19,3.2473614,24.23,110.86459,443.45837,118.272156,354.81647,113.835686,341.50708,91.254875,273.76462
2023-05-20,4.3469224,18.57,161.79626,647.18506,161.79626,485.3888,161.79626,485.3888,161.79626,485.3888
2023-05-21,2.989814,21.08,88.602905,354.41162,94.38403,283.1521,90.921616,272.76483,73.298615,219.89584
2023-05-22,3.267952,19.62,108.12445,432.4978,115.6738,347.02142,111.152405,333.45724,88.13933,264.418
2023-05-23,4.7705936,18.98,162.18918,648.7567,162.18918,486.56754,162.18918,486.56754,162.18918,486.56754
2023-05-24,2.7160208,15.36,65.997925,263.9917,70.33186,210.99559,67.73621,203.20863,54.52488,163.57463
2023-05-25,3.3687603,18.68,115.74735,462.9894,124.01709,372.05127,119.06421,357.19263,93.855064,281.5652
2023-05-26,4.3084707,28.39,171.2071,684.8284,171.2071,513.62134,171.2071,513.62134,171.2071,513.62134
2023-05-27,3.0741663,28.63,101.792625,407.1705,108.07703,324.23108,104.313194,312.93958,85.15613,255.4684
2023-05-28,3.4223697,25.82,127.33583,509.34332,136.00668,408.02002,130.81357,392.44067,104.3817,313.14508
2023-05-29,4.854326,25.03,167.9871,671.9484,167.9871,503.9613,167.9871,503.9613,167.9871,503.9613
2023-05-30,4.1645703,25.78,168.70586,674.8234,168.70586,506.11755,168.70586,506.11755,168.20442,504.61325
2023-05-31,3.9320908,28.45,171.2646,685.0584,171.2646,513.7938,171.2646,513.7938,148.04808,444.14423
2023-06-01,4.051128,28.41,171.22627,684.9051,171.22627,513.67883,171.22627,513.67883,159.31468,477.94403
2023-06-02,3.6909287,19.36,147.24138,588.9655,158.11787,474.35364,151.60376,454.81128,118.44836,355.34503
2023-06-03,3.8087084,29.24,169.42656,677.70624,172.02168,516.06506,172.02168,516.06506,137.78825,413.36475
2023-06-04,3.6477993,29.16,152.17429,608.69714,162.67397,488.0219,156.38556,469.15668,124.378914,373.13672
2023-06-05,3.6922646,28.3,155.94867,623.7947,166.83694,500.51086,160.31578,480.94733,127.124374,381.3731
2023-06-06,3.3081853,27.03,118.56555,474.2622,126.39716,379.19147,121.7067,365.12012,97.833145,293.49945
2023-06-07,3.157326,24.02,103.57362,414.2945,110.381935,331.1458,106.304344,318.91302,85.55015,256.65045
2023-06-08,3.7352254,26.32,158.60059,634.40234,169.22336,507.67004,163.12193,489.36578,128.75839,386.2752
2023-06-09,3.908147,26.79,169.67377,678.69507,169.67377,509.0213,169.67377,509.0213,144.26418,432.79254
2023-06-10,3.7226212,25.12,156.10487,624.4195,167.26399,501.792,160.58064,481.74194,126.5638,379.69138
2023-06-11,3.8239458,26.24,168.25552,673.0221,169.14668,507.44006,169.14668,507.44006,136.23596,408.7079
2023-06-12,3.2969444,25.62,116.27294,465.09177,124.024956,372.07486,119.382195,358.14658,95.75117,287.2535
2023-06-13,3.5367403,29.36,141.36124,565.44495,150.93083,452.79254,145.19945,435.59833,116.02809,348.0843
2023-06-14,3.8923876,29.27,172.05045,688.2018,172.05045,516.1513,172.05045,516.1513,145.212,435.636
2023-06-15,2.8560975,25.79,84.34343,337.37372,89.3831,268.1493,86.36477,259.0943,71.002106,213.00632
2023-06-16,2.2489552,28.3,56.232964,224.93185,58.693466,176.0804,57.219837,171.65952,49.719337,149.15802
2023-06-17,1.7030898,25.25,36.840755,147.36302,37.909306,113.72792,37.269333,111.808,34.012016,102.03604
2023-06-18,2.176238,12.89,38.731445,154.92578,40.960915,122.88275,39.625652,118.87695,32.82944,98.48833
2023-06-19,3.4445565,25.52,129.05655,516.2262,137.89716,413.69147,132.60236,397.80707,105.653076,316.95923
2023-06-20,2.9977303,22.16,90.18263,360.73053,96.00983,288.02948,92.51986,277.55957,74.75649,224.26947
2023-06-21,2.914731,27.32,89.55795,358.2318,94.914406,284.74323,91.706345,275.11902,75.377975,226.13393
2023-06-22,3.8062613,10.56,151.25247,605.0099,154.12001,462.36002,154.12001,462.36002,119.67512,359.02533
2023-06-23,3.0989208,25.92,101.00626,404.02505,107.4437,322.33112,103.58824,310.7647,83.96462,251.89386
2023-06-24,1.7580448,28.77,41.477875,165.9115,42.653236,127.95972,41.949295,125.847885,38.36637,115.09911
2023-06-25,2.352303,28.38,60.510315,242.04126,63.325844,189.97754,61.63958,184.91875,53.056816,159.17044
2023-06-26,4.5751376,24.34,167.32585,669.3034,167.32585,501.97754,167.32585,501.97754,167.32585,501.97754
2023-06-27,3.1278174,18.89,96.419815,385.67926,103.039024,309.11707,99.07468,297.22406,78.89698,236.69095
2023-06-28,2.0247505,9.38,30.233631,120.934525,32.029182,96.08755,30.953802,92.861404,25.48034,76.44102
2023-06-29,3.2629163,14.61,102.91091,411.64365,110.4254,331.2762,105.92488,317.77466,83.018036,249.05411
2023-06-30,2.9685411,20.73,86.817764,347.27106,92.4764,277.4292,89.087364,267.2621,71.83787,215.51361
2023-07-01,5.265287,8.96,152.58667,610.3467,152.58667,457.76,152.58667,457.76,152.58667,457.76
2023-07-02,5.3585515,19.93,163.0996,652.3984,163.0996,489.2988,163.0996,489.2988,163.0996,489.2988
2023-07-03,6.1554065,19.67,162.85043,651.40173,162.85043,488.5513,162.85043,488.5513,162.85043,488.5513
2023-07-04,4.778877,19.77,162.94626,651.78503,162.94626,488.8388,162.94626,488.8388,162.94626,488.8388
2023-07-05,7.0562572,22.68,165.73502,662.94006,165.73502,497.20505,165.73502,497.20505,165.73502,497.20505
2023-07-06,3.0109615,23.36,92.249626,368.9985,98.15431,294.46292,94.617905,283.8537,76.618286,229.85486
2023-07-07,2.4118774,28.95,63.65224,254.60896,66.68718,200.06152,64.86951,194.60854,55.61798,166.85394
2023-07-08,2.2000492,26.23,52.390984,209.56393,54.694435,164.08331,53.314865,159.94458,46.29312,138.87936
2023-07-09,2.3136988,19.29,50.185715,200.74286,52.86489,158.59467,51.260292,153.78087,43.093193,129.27957
2023-07-10,2.8790255,24.79,84.83269,339.33075,89.99471,269.98413,86.90311,260.70932,71.16748,213.50244
2023-07-11,3.6630166,25.6,150.32385,601.2954,160.95546,482.86636,154.58804,463.76413,122.17914,366.5374
2023-07-12,4.4833255,23.75,166.76044,667.04175,166.76044,500.2813,166.76044,500.2813,166.76044,500.2813
2023-07-13,4.0826354,18.14,161.38419,645.53674,161.38419,484.15253,161.38419,484.15253,152.5786,457.73578
2023-07-14,2.8368895,18.32,75.98972,303.9589,80.928375,242.78513,77.970535,233.9116,62.91575,188.74725
2023-07-15,4.87308,21.28,164.39336,657.5734,164.39336,493.18005,164.39336,493.18005,164.39336,493.18005
2023-07-16,5.344709,22.34,165.40918,661.6367,165.40918,496.22754,165.40918,496.22754,165.40918,496.22754
2023-07-17,4.33328,21.14,164.25919,657.03674,164.25919,492.77756,164.25919,492.77756,164.25919,492.77756
2023-07-18,1.9890698,26.48,45.517696,182.07079,47.219986,141.65996,46.200462,138.60138,41.01129,123.033875
2023-07-19,3.0898836,21.05,95.674774,382.6991,102.056046,306.16812,98.23422,294.70267,78.781784,236.34537
2023-07-20,2.0192406,21.25,41.436096,165.74438,43.217026,129.65108,42.1504,126.451195,36.7215,110.1645
2023-07-21,2.6565506,18.74,65.94196,263.76785,69.99739,209.99219,67.568535,202.7056,55.206177,165.61853
2023-07-22,3.937951,14.44,157.83835,631.3534,157.83835,473.515,157.83835,473.515,135.16264,405.4879
2023-07-23,5.7121754,10.35,153.91876,615.67505,153.91876,461.7563,153.91876,461.7563,153.91876,461.7563
2023-07-24,4.1728396,20.17,163.3296,653.3184,163.3296,489.9888,163.3296,489.9888,163.3296,489.9888
2023-07-25,2.8873842,22.1,82.7883,331.1532,87.9954,263.9862,84.87677,254.63031,69.00369,207.01108
2023-07-26,3.1619756,23.03,102.98129,411.92517,109.81973,329.4592,105.72409,317.17227,84.87807,254.63422
2023-07-27,5.11431,4.87,148.66708,594.66833,148.66708,446.00125,148.66708,446.00125,148.66708,446.00125
2023-07-28,3.880742,15.53,158.88293,635.53174,158.88293,476.6488,158.88293,476.6488,130.99602,392.98804
2023-07-29,3.9196653,17.08,160.36835,641.4734,160.36835,481.10504,160.36835,481.10504,136.01038,408.03116
2023-07-30,5.6283355,17.52,160.79001,643.16003,160.79001,482.37006,160.79001,482.37006,160.79001,482.37006
2023-07-31,6.6939006,6.59,150.31543,601.2617,150.31543,450.94626,150.31543,450.94626,150.31543,450.94626
2023-08-01,5.471248,19.17,162.37126,649.48505,162.37126,487.1138,162.37126,487.1138,162.37126,487.1138
2023-08-02,5.475525,14.26,157.66585,630.6634,157.66585,472.99753,157.66585,472.99753,157.66585,472.99753
2023-08-03,6.5280147,12.11,155.60542,622.4217,155.60542,466.81628,155.60542,466.81628,155.60542,466.81628
2023-08-04,2.862709,16.8,76.143074,304.5723,81.2178,243.65338,78.178474,234.53542,62.708878,188.12663
2023-08-05,2.9798028,12.27,79.47515,317.9006,85.198425,255.59528,81.77068,245.31204,64.3241,192.97227
2023-08-06,4.3077006,6.02,149.76917,599.07666,149.76917,449.30753,149.76917,449.30753,149.76917,449.30753
2023-08-07,5.686686,17.08,160.36835,641.4734,160.36835,481.10504,160.36835,481.10504,160.36835,481.10504
2023-08-08,4.610167,16.34,159.65918,638.6367,159.65918,478.97754,159.65918,478.97754,159.65918,478.97754
2023-08-09,2.8809776,20.59,80.932014,323.72806,86.104546,258.31363,83.00662,249.01987,67.23898,201.71695
2023-08-10,1.1294833,23.82,26.515347,106.061386,26.827036,80.48111,26.640362,79.92109,25.690222,77.07067
2023-08-11,2.3276799,19.73,51.185513,204.74205,53.913563,161.74069,52.279682,156.83905,43.963634,131.8909
2023-08-12,3.284809,16.09,106.130936,424.52374,113.79773,341.3932,109.20594,327.61783,85.83493,257.5048
2023-08-13,3.1995285,16.75,99.88008,399.52032,106.96508,320.89523,102.72178,308.16534,81.12419,243.37259
2023-08-14,2.0893228,22.49,44.895454,179.58182,46.86833,140.60498,45.686745,137.06024,39.672737,119.01822
2023-08-15,2.8432848,20.25,78.23537,312.94147,83.20751,249.62253,80.22964,240.6889,65.072784,195.21835
2023-08-16,2.4547927,19.7,56.738743,226.95497,59.938583,179.81575,58.022152,174.06645,48.267944,144.80383
2023-08-17,3.232584,11.52,97.49315,389.9726,104.80001,314.40002,100.423805,301.27142,78.149864,234.44958
2023-08-18,2.382135,16.55,50.456776,201.8271,53.380802,160.14241,51.629555,154.88867,42.716095,128.14828
2023-08-19,2.79446,11.88,67.23523,268.94092,71.95559,215.86676,69.12851,207.38553,54.739155,164.21747
2023-08-20,1.8619771,20.32,35.995026,143.9801,37.391415,112.17424,36.5551,109.6653,32.298424,96.89526
2023-08-21,1.9077663,19.86,36.803303,147.21321,38.305256,114.915764,37.405716,112.21715,32.82722,98.48166
2023-08-22,1.9879924,16.07,35.508728,142.03491,37.208252,111.62476,36.190384,108.57116,31.009642,93.02892
2023-08-23,1.7327636,21.6,34.015263,136.06105,35.140644,105.42193,34.466633,103.399895,31.036072,93.108215
2023-08-24,2.2874527,13.17,43.25412,173.01648,45.843163,137.52948,44.29255,132.87764,36.400238,109.200714
2023-08-25,2.7335465,12.66,64.40949,257.63797,68.82786,206.48358,66.18165,198.54495,52.7129,158.1387
2023-08-26,3.98895,18.73,161.9496,647.7984,161.9496,485.8488,161.9496,485.8488,144.0489,432.1467
2023-08-27,3.4730177,17.59,124.07126,496.28503,133.13281,399.39844,127.70572,383.11716,100.082886,300.24866
2023-08-28,2.0367477,14.04,35.079346,140.31738,36.907005,110.721016,35.8124,107.437195,30.241062,90.72319
2023-08-29,1.8014255,13.49,27.889591,111.558365,29.15413,87.462395,28.396782,85.19034,24.54203,73.6261
2023-08-30,3.4571645,12.69,117.91391,471.65564,126.851944,380.55585,121.498856,364.49658,94.25253,282.7576
2023-08-31,3.5149653,16.06,126.53696,506.14783,135.93085,407.79254,130.30472,390.91415,101.66883,305.0065
2023-09-01,1.782248,8.0,22.155579,88.622314,23.380157,70.14047,22.646742,67.94023,18.913792,56.741375
2023-09-02,1.6719608,13.64,25.033834,100.13534,26.044857,78.13457,25.439339,76.318016,22.35739,67.07217
2023-09-03,1.8253611,18.75,33.534782,134.13913,34.850395,104.55119,34.062454,102.18736,30.052,90.156
2023-09-04,2.7141302,19.05,69.42718,277.7087,73.75207,221.2562,71.161835,213.4855,57.97806,173.93417
2023-09-05,2.8905485,19.35,80.35565,321.4226,85.57988,256.73962,82.45102,247.35304,66.525696,199.57709
2023-09-06,2.367013,19.29,52.427933,209.71173,55.296616,165.88983,53.578514,160.73553,44.833725,134.50116
2023-09-07,2.7885149,19.16,73.856186,295.42474,78.5465,235.63953,75.7374,227.21219,61.439705,184.31912
2023-09-08,2.0228095,18.55,38.960518,155.84207,40.750908,122.25272,39.67862,119.03586,34.220886,102.66266
2023-09-09,1.3809613,18.26,24.239428,96.95771,24.809101,74.42731,24.467916,73.40375,22.731346,68.19403
2023-09-10,1.6336293,17.25,27.689402,110.75761,28.63247,85.89741,28.067652,84.20296,25.192852,75.57855
2023-09-11,2.5546615,16.9,58.86669,235.46677,62.47316,187.4195,60.313194,180.93958,49.319405,147.9582
2023-09-12,1.8034257,15.6,29.961573,119.84629,31.23033,93.69099,30.470455,91.41136,26.602846,79.80854
2023-09-13,3.0954425,11.69,87.11302,348.4521,93.52878,280.58633,89.68628,269.05884,70.12868,210.38603
2023-09-14,1.302259,13.73,18.8102,75.2408,19.287922,57.863766,19.001808,57.005424,17.545544,52.636635
2023-09-15,2.09918,15.57,38.595726,154.3829,40.59665,121.78995,39.398266,118.1948,33.298737,99.89621
2023-09-16,1.6024045,14.37,24.301727,97.20691,25.191746,75.57523,24.658699,73.9761,21.94561,65.83684
2023-09-17,2.3951793,11.17,45.8724,183.4896,48.84471,146.53415,47.064552,141.19366,38.003853,114.01156
2023-09-18,5.238112,12.37,155.8546,623.4184,155.8546,467.56378,155.8546,467.56378,155.8546,467.56378
2023-09-19,6.9997334,8.33,151.98293,607.9317,151.98293,455.94876,151.98293,455.94876,151.98293,455.94876
2023-09-20,6.048668,8.73,152.36626,609.465,152.36626,457.09875,152.36626,457.09875,152.36626,457.09875
2023-09-21,4.6127257,3.62,147.46916,589.87665,147.46916,442.4075,147.46916,442.4075,147.46916,442.4075
2023-09-22,4.01419,12.01,155.5096,622.0384,155.5096,466.52878,155.5096,466.52878,140.01776,420.05325
2023-09-23,4.0286865,10.34,153.90918,615.6367,153.90918,461.72754,153.90918,461.72754,139.81464,419.4439
2023-09-24,2.9881694,15.22,82.87422,331.4969,88.64587,265.9376,85.18914,255.56741,67.595184,202.78557
2023-09-25,2.8838997,13.49,74.314255,297.25702,79.50252,238.50757,76.39519,229.18558,60.579502,181.7385
2023-09-26,1.9720937,10.86,30.037216,120.148865,31.696281,95.08884,30.70264,92.107925,25.64521,76.93562
2023-09-27,2.1840029,12.08,38.238556,152.95422,40.49197,121.47591,39.142372,117.42711,32.273155,96.819466
2023-09-28,3.4946654,12.18,120.90402,483.6161,130.13611,390.40833,124.606865,373.82062,96.46427,289.39282
2023-09-29,4.1434274,6.9,150.6125,602.45,150.6125,451.83752,150.6125,451.83752,147.93657,443.80972
2023-09-30,2.3515537,11.39,44.19639,176.78555,47.00923,141.02768,45.324577,135.97374,36.750015,110.25004
2023-10-01,3.2093341,12.9,96.96359,387.85437,104.11394,312.3418,99.83151,299.49454,78.03473,234.10419
2023-10-02,2.7405818,10.68,62.916664,251.66666,67.36925,202.10773,64.70253,194.10757,51.129528,153.38858
2023-10-03,5.556475,5.26,149.04083,596.1633,149.04083,447.1225,149.04083,447.1225,149.04083,447.1225
2023-10-04,4.3481493,9.43,153.0371,612.1484,153.0371,459.11127,153.0371,459.11127,153.0371,459.11127
2023-10-05,3.9566622,6.6,150.32501,601.30005,150.32501,450.975,150.32501,450.975,129.38698,388.16092
2023-10-06,4.446054,11.65,155.1646,620.6584,155.1646,465.49377,155.1646,465.49377,155.1646,465.49377
2023-10-07,5.1878753,10.01,153.59293,614.3717,153.59293,460.77878,153.59293,460.77878,153.59293,460.77878
2023-10-08,1.9255552,7.41,25.373804,101.49522,26.918169,80.7545,25.99323,77.97969,21.285454,63.85636
2023-10-09,3.300543,6.69,98.432365,393.72946,106.209816,318.62946,101.55179,304.65536,77.843285,233.52985
2023-10-10,3.18809,11.42,93.87636,375.50543,100.88561,302.65683,96.687645,290.06293,75.32086,225.96259
2023-10-11,5.230329,9.21,152.82626,611.30505,152.82626,458.47876,152.82626,458.47876,152.82626,458.47876
2023-10-12,4.317283,4.24,148.06334,592.25336,148.06334,444.19,148.06334,444.19,148.06334,444.19
2023-10-13,6.312622,7.03,150.73709,602.94836,150.73709,452.21127,150.73709,452.21127,150.73709,452.21127
2023-10-14,5.2970786,9.92,153.50667,614.0267,153.50667,460.52002,153.50667,460.52002,153.50667,460.52002
2023-10-15,3.3083963,8.7,101.01702,404.06808,108.85015,326.55045,104.158775,312.47632,80.28066,240.842
2023-10-16,1.615313,8.14,18.587856,74.351425,19.499557,58.498672,18.953526,56.860573,16.174335,48.52301
2023-10-17,3.6851044,10.26,137.9123,551.6492,148.73735,446.21207,142.25407,426.76224,109.25535,327.76605
2023-10-18,5.126599,7.84,151.51334,606.05334,151.51334,454.54,151.51334,454.54,151.51334,454.54
2023-10-19,4.0005374,4.98,148.7725,595.09,148.7725,446.3175,148.7725,446.3175,131.97388,395.92163
2023-10-20,4.341537,1.51,145.44708,581.7883,145.44708,436.34125,145.44708,436.34125,145.44708,436.34125
2023-10-21,5.7314878,7.48,151.16833,604.67334,151.16833,453.505,151.16833,453.505,151.16833,453.505
2023-10-22,4.739389,4.43,148.24542,592.9817,148.24542,444.73627,148.24542,444.73627,148.24542,444.73627
2023-10-23,3.0095465,6.28,75.78281,303.13123,81.67918,245.03754,78.14776,234.44327,60.173515,180.52054
2023-10-24,4.299589,3.65,147.49792,589.9917,147.49792,442.49374,147.49792,442.49374,147.49792,442.49374
2023-10-25,3.283843,1.27,91.84841,367.39365,99.508446,298.52533,94.92076,284.76227,71.5703,214.71088
2023-10-26,2.0937717,4.76,28.053623,112.21449,30.039124,90.11737,28.84998,86.54994,22.797468,68.3924
2023-10-27,3.0720313,2.34,76.44322,305.7729,82.71453,248.1436,78.95854,236.87564,59.841343,179.52403
2023-10-28,4.8521285,6.72,150.44,601.76,150.44,451.32,150.44,451.32,150.44,451.32
2023-10-29,7.1589065,6.46,150.19084,600.76337,150.19084,450.5725,150.19084,450.5725,150.19084,450.5725
2023-10-30,3.787924,3.87,142.81125,571.245,147.70876,443.12625,147.52672,442.58014,111.68811,335.0643
2023-10-31,4.548866,5.38,149.15584,596.62335,149.15584,447.4675,149.15584,447.4675,149.15584,447.4675
2023-11-01,5.7426605,4.18,148.00583,592.0233,148.00583,444.01752,148.00583,444.01752,148.00583,444.01752
2023-11-02,9.361127,6.31,150.04709,600.18835,150.04709,450.14127,150.04709,450.14127,150.04709,450.14127
2023-11-03,6.979049,4.72,148.52333,594.0933,148.52333,445.57,148.52333,445.57,148.52333,445.57
2023-11-04,6.066008,2.04,145.955,583.82,145.955,437.865,145.955,437.865,145.955,437.865
2023-11-05,5.898083,3.61,147.45958,589.8383,147.45958,442.37875,147.45958,442.37875,147.45958,442.37875
2023-11-06,6.3504834,5.47,149.24208,596.9683,149.24208,447.72626,149.24208,447.72626,149.24208,447.72626
2023-11-07,5.4584346,4.9,148.69583,594.7833,148.69583,446.08752,148.69583,446.08752,148.69583,446.08752
2023-11-08,6.335481,4.27,148.09209,592.36835,148.09209,444.27625,148.09209,444.27625,148.09209,444.27625
2023-11-09,5.580708,4.49,148.30292,593.2117,148.30292,444.90875,148.30292,444.90875,148.30292,444.90875
2023-11-10,4.9357643,2.33,146.23293,584.9317,146.23293,438.69876,146.23293,438.69876,146.23293,438.69876
2023-11-11,4.1182857,5.7,149.46251,597.85004,149.46251,448.3875,149.46251,448.3875,144.2295,432.6885
2023-11-12,2.2210567,4.32,32.182076,128.7283,34.55214,103.65642,33.13268,99.39804,25.907871,77.72362
2023-11-13,5.3325706,1.21,145.15959,580.63837,145.15959,435.47876,145.15959,435.47876,145.15959,435.47876
2023-11-14,6.62335,3.09,146.96126,587.84503,146.96126,440.88376,146.96126,440.88376,146.96126,440.88376
2023-11-15,5.559866,4.42,148.23584,592.94336,148.23584,444.70752,148.23584,444.70752,148.23584,444.70752
2023-11-16,2.8815348,2.15,63.29584,253.18336,68.47136,205.41408,65.371666,196.115,49.594864,148.78459
2023-11-17,1.6181879,4.38,15.042217,60.16887,15.958792,47.876377,15.40984,46.22952,12.615791,37.847374
2023-11-18,4.462312,0.53,144.50792,578.0317,144.50792,433.52374,144.50792,433.52374,144.50792,433.52374
2023-11-19,6.902366,4.02,147.85251,591.41003,147.85251,443.5575,147.85251,443.5575,147.85251,443.5575
2023-11-20,4.6950045,3.65,147.49792,589.9917,147.49792,442.49374,147.49792,442.49374,147.49792,442.49374
2023-11-21,2.6023803,1.55,46.59236,186.36945,50.404728,151.21419,48.12145,144.36435,36.50002,109.50006
2023-11-22,2.622174,3.38,49.383232,197.53293,53.283234,159.8497,50.94746,152.84239,39.058823,117.17646
2023-11-23,5.8876367,1.41,145.35126,581.405,145.35126,436.05374,145.35126,436.05374,145.35126,436.05374
2023-11-24,5.8473983,2.33,146.23293,584.9317,146.23293,438.69876,146.23293,438.69876,146.23293,438.69876
2023-11-25,4.457791,3.99,147.82375,591.295,147.82375,443.47125,147.82375,443.47125,147.82375,443.47125
2023-11-26,3.159114,1.44,82.071365,328.28546,88.891266,266.6738,84.80669,254.42006,64.01725,192.05174
2023-11-27,4.693921,0.51,144.48875,577.955,144.48875,433.46625,144.48875,433.46625,144.48875,433.46625
2023-11-28,4.2143884,3.62,147.46916,589.87665,147.46916,442.4075,147.46916,442.4075,147.46916,442.4075
2023-11-29,3.9366672,3.65,147.49792,589.9917,147.49792,442.49374,147.49792,442.49374,124.703575,374.11072
2023-11-30,1.7157682,2.85,15.658525,62.6341,16.751118,50.25335,16.096754,48.29026,12.766148,38.29844
2023-12-01,2.3355193,1.88,34.406467,137.62587,37.162178,111.48654,35.511738,106.535225,27.111376,81.33413
2023-12-02,2.1046991,3.81,27.51294,110.05176,29.529694,88.58908,28.32183,84.96549,22.174065,66.522194
2023-12-03,3.9783456,2.58,146.4725,585.89,146.4725,439.4175,146.4725,439.4175,127.5688,382.7064
2023-12-04,4.434047,1.51,145.44708,581.7883,145.44708,436.34125,145.44708,436.34125,145.44708,436.34125
2023-12-05,2.6450093,1.0,48.318462,193.27385,52.32125,156.96375,49.923923,149.77176,37.72197,113.1659
2023-12-06,2.971629,3.66,70.66815,282.6726,76.34447,229.0334,72.944824,218.83449,55.641445,166.92433
2023-12-07,2.9477198,3.96,69.34757,277.3903,74.88797,224.66391,71.569756,214.70926,54.680676,164.04202
2023-12-08,3.8472593,1.65,145.58125,582.325,145.58125,436.74374,145.58125,436.74374,114.714745,344.14423
2023-12-09,5.8740425,0.84,144.80501,579.22003,144.80501,434.415,144.80501,434.415,144.80501,434.415
2023-12-10,7.748239,2.92,146.79834,587.19336,146.79834,440.39502,146.79834,440.39502,146.79834,440.39502
2023-12-11,6.634398,1.57,145.50458,582.0183,145.50458,436.51376,145.50458,436.51376,145.50458,436.51376
2023-12-12,3.2732725,1.92,91.59894,366.39575,99.18519,297.55554,94.64168,283.92505,71.51602,214.54805
2023-12-13,2.694189,1.45,51.44088,205.76352,55.671146,167.01344,53.13758,159.41273,40.242268,120.72681
2023-12-14,2.8970659,1.45,63.62052,254.48209,68.88018,206.64052,65.730095,197.19026,49.696804,149.09041
2023-12-15,3.1566648,2.97,83.350075,333.4003,90.154144,270.46243,86.07909,258.23724,65.337944,196.01384
2023-12-16,4.1368866,1.63,145.56209,582.24835,145.56209,436.68625,145.56209,436.68625,142.2179,426.65366
2023-12-17,4.474419,2.57,146.46292,585.8517,146.46292,439.38876,146.46292,439.38876,146.46292,439.38876
2023-12-18,4.7873864,1.28,145.22667,580.9067,145.22667,435.68,145.22667,435.68,145.22667,435.68
2023-12-19,5.720863,0.41,144.39291,577.57166,144.39291,433.17874,144.39291,433.17874,144.39291,433.17874
2023-12-20,5.822333,1.01,144.96791,579.87164,144.96791,434.90375,144.96791,434.90375,144.96791,434.90375
2023-12-21,8.081193,0.85,144.81459,579.25836,144.81459,434.44376,144.81459,434.44376,144.81459,434.44376
2023-12-22,7.3623366,1.11,145.06375,580.255,145.06375,435.19125,145.06375,435.19125,145.06375,435.19125
2023-12-23,6.9363894,0.89,144.85292,579.4117,144.85292,434.55875,144.85292,434.55875,144.85292,434.55875
2023-12-24,7.2455583,0.51,144.48875,577.955,144.48875,433.46625,144.48875,433.46625,144.48875,433.46625
2023-12-25,6.2332745,0.54,144.5175,578.07,144.5175,433.5525,144.5175,433.5525,144.5175,433.5525
2023-12-26,5.5657744,3.21,147.07625,588.305,147.07625,441.22876,147.07625,441.22876,147.07625,441.22876
2023-12-27,4.3668447,1.05,145.00626,580.025,145.00626,435.01874,145.00626,435.01874,145.00626,435.01874
2023-12-28,7.3811536,2.91,146.78876,587.155,146.78876,440.36627,146.78876,440.36627,146.78876,440.36627
2023-12-29,7.7610497,1.48,145.41833,581.67334,145.41833,436.255,145.41833,436.255,145.41833,436.255
2023-12-30,5.4854684,3.01,146.88458,587.5383,146.88458,440.65375,146.88458,440.65375,146.88458,440.65375
2023-12-31,7.103762,2.37,146.27126,585.085,146.27126,438.81375,146.27126,438.81375,146.27126,438.81375
